{"async": [[600, 8, 9.769921675004298], [400, 10, 25.225514382997062], [400, 11, 50.13304948201403], [400, 12, 99.9148739350203]], "serial": [[600, 8, 71.0296336459869], [400, 10, 66.04494852598873], [400, 11, 90.86424219899345], [400, 12, 140.64069702799316]], "no IO": [[600, 8, 9.369766311021522], [400, 10, 24.93677038900205], [400, 11, 49.76722630299628], [400, 12, 99.49409197299974]], "file IO": [[600, 8, 9.36683275300311], [400, 10, 24.921224841004005], [400, 11, 49.74984498100821], [400, 12, 99.56621096501476]], "batches": [[600, 8, 10.217370290978579], [400, 10, 25.483805308002047], [400, 11, 50.374549086991465], [400, 12, 100.2910156819853]], "async+uvloop": [[600, 8, 9.759301794023486], [400, 10, 25.212604185013333], [400, 11, 50.07677851500921], [400, 12, 99.95755646598991]]}